1,Alice,30
2,Bob,25
3,Charlie,35
4,David,40
5,Eve,22
6,Frank,28
7,Grace,33
8,Hannah,27
9,Isaac,29
10,Jack,31
1,Alice,30
2,Bob,25
3,Charlie,35
4,David,40
5,Eve,22
6,Frank,28
7,Grace,33
8,Hannah,27
9,Isaac,29
10,Jack,31
1,Alice,30
2,Bob,25
3,Charlie,35
4,David,40
5,Eve,22
6,Frank,28
7,Grace,33
8,Hannah,27
9,Isaac,29
10,Jack,31
1,Alice,30
2,Bob,25
3,Charlie,35
4,David,40
5,Eve,22
6,Frank,28
7,Grace,33
8,Hannah,27
9,Isaac,29
10,Jack,31
1,Alice,30
2,Bob,25
3,Charlie,35
4,David,40
5,Eve,22
6,Frank,28
7,Grace,33
8,Hannah,27
9,Isaac,29
10,Jack,31
1,Alice,30
2,Bob,25
3,Charlie,35
4,David,40
5,Eve,22
6,Frank,28
7,Grace,33
8,Hannah,27
9,Isaac,29
10,Jack,31
1,Alice,30
2,Bob,25
3,Charlie,35
4,David,40
5,Eve,22
6,Frank,28
7,Grace,33
8,Hannah,27
9,Isaac,29
10,Jack,31
1,Alice,30
2,Bob,25
3,Charlie,35
4,David,40
5,Eve,22
6,Frank,28
7,Grace,33
8,Hannah,27
9,Isaac,29
10,Jack,31
1,Alice,30
2,Bob,25
3,Charlie,35
4,David,40
5,Eve,22
6,Frank,28
7,Grace,33
8,Hannah,27
9,Isaac,29
10,Jack,31
